timestamp	idea_id	idea_name	archetype	timeframe	param_count	params_json	gross_pf	net_pf	win_rate	total_trades	sharpe	sortino	max_dd	max_dd_duration_days	expectancy_gross	expectancy_net	avg_duration_hours	strategy_pnl_gross	strategy_pnl_net	buy_hold_pnl	total_costs	verdict	reason	regime_pass	data_bars	data_period	cost_pct
	R012	Adaptive Momentum Burst (AMB)			0	{}																park	No archetype mapping available.				
	R013	Acceleration Breakout Filter (ABF)			0	{}																park	No archetype mapping available.				
	R014	Multi-Timeframe Breakout Confluence (MTBC)			0	{}																park	No archetype mapping available.				
	R024	Volatility Regime Breakout (VRB)			0	{}																park	No strategy mapping available.				
	R026	Two-Timeframe Breakout Confirmation (2TBC)			0	{}																park	No strategy mapping available.				
	R025	Momentum Exhaustion Reversal (Long-Only)			0	{}																park	No strategy mapping available.				
2026-02-08T15:36:55.405428	R003	Volume Profile Breakout	bollinger_breakout	4H	7	"{""bb_period"":20,""bb_std"":2.0,""squeeze_lookback"":50,""squeeze_percentile"":20,""min_squeeze_bars"":3,""stop_pct"":2.5,""target_pct"":4.0}"	1.02	0.96	0.372	129	-0.38	-99.0	21191.89	618.0	21.26	-44.55	59.0	2743.04	-5746.58	47039.94	8489.63	kill	Gross PF 1.02 — positive expectancy but below 1.3 threshold.		6571	2023-02-08 → 2026-02-07	0.1
2026-02-08T15:38:05.982894	R007	Volatility-Adjusted Trend	vol_adjusted_trend	4H	5	"{""ma_period"":30,""atr_period"":20,""stop_atr_mult"":3.0,""target_atr_mult"":6.0,""trend_filter_period"":80,""long_only"":true}"	1.46	1.4	0.448	87	1.18	5.94	19596.77	251.0	664.57	595.39	165.7	57817.51	51799.23	47039.94	6018.28	promote	Gross PF 1.46 >= 1.3 threshold. Promote to full hypothesis.		6571	2023-02-08 → 2026-02-07	0.1
2026-02-08T15:38:08.756609	R009	Donchian Channel Breakout	donchian_breakout	4H	3	"{""channel_period"":20,""stop_pct"":2.0,""target_pct"":6.0,""long_only"":true}"	1.31	1.23	0.336	134	1.04	99.0	21670.86	323.0	291.88	224.13	72.5	39112.01	30033.29	47039.94	9078.73	promote	Gross PF 1.31 >= 1.3 threshold. Promote to full hypothesis.		6571	2023-02-08 → 2026-02-07	0.1
2026-02-08T15:38:16.565952	R011	Daily Timeframe Trend	daily_trend	D	4	"{""fast_period"":5,""slow_period"":40,""stop_pct"":6.0,""target_pct"":24.0,""long_only"":true}"	1.9	1.86	0.35	20	0.79	99.0	20559.74	256.0	2158.62	2099.68	877.2	43172.41	41993.58	47122.46	1178.82	promote	Gross PF 1.90 >= 1.3 threshold. Promote to full hypothesis.		1096	2023-02-08 → 2026-02-07	0.1
2026-02-08T15:40:25.810426	R009	Donchian Channel Breakout	donchian_breakout	4H	3	"{""channel_period"":20,""stop_pct"":2.0,""target_pct"":6.0,""long_only"":true}"	1.31	1.23	0.336	134	1.04	99.0	21670.86	323.0	291.88	224.13	72.5	39112.01	30033.29	47039.94	9078.73	promote	Gross PF 1.31 >= 1.3 threshold. Promote to full hypothesis.		6571	2023-02-08 → 2026-02-07	0.1
2026-02-11T16:54:15.807108	R010	Multi-Asset Momentum	multi_asset_momentum	4H	4	"{""roc_period"":30,""min_roc"":1.0,""stop_pct"":2.0,""target_pct"":12.0,""aux_data_dir"":""/Users/siphokhoza/ai-chief-of-staff/data"",""aux_timeframe_hours"":4,""long_only"":true}"	1.62	1.53	0.244	82	1.15	99.0	17737.36	199.0	642.88	577.19	134.4	52715.89	47329.35	47039.94	5386.54	promote	Gross PF 1.62 >= 1.3 threshold. Promote to full hypothesis.		6571	2023-02-08 → 2026-02-07	0.1
2026-02-11T16:59:39.328118	R012	Adaptive Momentum Burst (AMB)	adaptive_momentum_burst	4H	9	"{""bb_period"":20,""bb_std"":2.0,""squeeze_lookback"":50,""squeeze_pct"":20,""min_squeeze_bars"":3,""ma_period"":50,""ma_slope_bars"":5,""stop_pct"":2.0,""target_pct"":12.0}"	1.66	1.56	0.229	35	0.65	99.0	12399.97	194.0	738.11	666.34	148.0	25833.69	23321.8	47039.94	2511.89	promote	Gross PF 1.66 >= 1.3 threshold. Promote to full hypothesis.		6571	2023-02-08 → 2026-02-07	0.1
2026-02-11T17:00:44.362187	R013	Acceleration Breakout Filter (ABF)	acceleration_breakout	4H	5	"{""channel_period"":30,""roc_short"":5,""roc_long"":15,""stop_pct"":2.0,""target_pct"":12.0}"	2.34	2.21	0.257	35	0.87	99.0	9368.43	202.0	1140.22	1081.12	92.0	39907.74	37839.18	47039.94	2068.56	promote	Gross PF 2.34 >= 1.3 threshold. Promote to full hypothesis.		6571	2023-02-08 → 2026-02-07	0.1
2026-02-11T17:01:05.140050	R014	Multi-Timeframe Breakout Confluence (MTBC)	mtf_breakout	4H	4	"{""channel_period"":15,""trend_ma_period"":90,""stop_pct"":4.0,""target_pct"":6.0}"	1.39	1.33	0.505	107	1.16	99.0	26970.89	360.0	536.48	470.35	128.7	57403.43	50327.36	47039.94	7076.06	promote	Gross PF 1.39 >= 1.3 threshold. Promote to full hypothesis.		6571	2023-02-08 → 2026-02-07	0.1
2026-02-12T13:48:17.866736	R015	Volume-Confirmed Breakout (VCB)	volume_breakout	4H	5	"{""channel_period"":20,""vol_period"":20,""vol_mult"":1.5,""stop_pct"":2.0,""target_pct"":12.0}"	1.41	1.33	0.211	90	0.83	99.0	17266.25	251.0	450.92	383.16	105.8	40583.11	34484.41	47039.94	6098.7	promote	Gross PF 1.41 >= 1.3 threshold. Promote to full hypothesis.		6571	2023-02-08 → 2026-02-07	0.1
2026-02-12T13:48:37.423219	R016	Dual Momentum Consensus (DMC)	dual_momentum_consensus	4H	6	"{""channel_period"":20,""roc_fast"":3,""roc_med"":10,""roc_slow"":20,""stop_pct"":2.0,""target_pct"":6.0}"	1.31	1.23	0.336	134	1.04	99.0	21670.86	323.0	291.88	224.13	72.5	39112.01	30033.29	47039.94	9078.73	promote	Gross PF 1.31 >= 1.3 threshold. Promote to full hypothesis.		6571	2023-02-08 → 2026-02-07	0.1
2026-02-12T13:49:19.636348	R017	Trend Strength Breakout (TSB)	trend_strength_breakout	4H	5	"{""channel_period"":30,""adx_period"":20,""adx_threshold"":30,""stop_pct"":2.0,""target_pct"":9.0}"	1.59	1.5	0.299	67	1.12	99.0	16542.81	243.0	583.28	516.36	118.6	39080.07	34596.12	47039.94	4483.95	promote	Gross PF 1.59 >= 1.3 threshold. Promote to full hypothesis.		6571	2023-02-08 → 2026-02-07	0.1
2026-02-12T13:51:53.599025	R018	Trend Pullback Entry (TPE)	trend_pullback	4H	7	"{""ma_period"":80,""ma_slope_bars"":5,""pullback_pct"":1.0,""roc_period"":5,""min_roc"":1.0,""stop_pct"":2.0,""target_pct"":6.0}"	2.65	2.49	0.462	26	1.2	99.0	6203.15	224.0	1207.12	1138.35	61.8	31385.02	29597.08	47039.94	1787.94	promote	Gross PF 2.65 >= 1.3 threshold. Promote to full hypothesis.		6571	2023-02-08 → 2026-02-07	0.1
2026-02-12T13:53:14.549762	R019	ATR Regime Adaptive (ARA)	atr_regime_adaptive	4H	6	"{""ma_period"":20,""atr_period"":20,""atr_history"":90,""base_stop_pct"":3.0,""base_target_pct"":12.0,""trend_filter_period"":80}"	1.38	1.33	0.319	69	1.04	8.82	37502.65	245.0	587.95	522.77	222.0	40568.67	36071.12	47039.94	4497.54	promote	Gross PF 1.38 >= 1.3 threshold. Promote to full hypothesis.		6571	2023-02-08 → 2026-02-07	0.1
2026-02-12T13:53:53.395851	R020	Consecutive Momentum Filter (CMF)	consecutive_momentum	4H	4	"{""channel_period"":20,""consec_bars"":4,""stop_pct"":2.0,""target_pct"":12.0}"	1.74	1.64	0.229	48	0.77	99.0	9887.27	232.0	833.17	760.33	140.7	39991.95	36495.62	47039.94	3496.33	promote	Gross PF 1.74 >= 1.3 threshold. Promote to full hypothesis.		6571	2023-02-08 → 2026-02-07	0.1
2026-02-17T09:36:48.329951	R021	Range Compression Expansion (RCE)	range_compression_expansion	4H	7	"{""atr_period"":20,""atr_lookback"":60,""compression_percentile"":10,""breakout_atr_mult"":1.5,""confirmation_bars"":2,""stop_pct"":2.0,""target_pct"":6.0,""long_only"":true}"	2.49	2.33	0.438	48	1.44	99.0	11139.29	223.0	1105.43	1037.65	97.8	53060.76	49807.03	44017.98	3253.73	promote	Gross PF 2.49 >= 1.3 threshold. Promote to full hypothesis.		6571	2023-02-18 → 2026-02-17	0.1
2026-02-17T09:38:58.873244	R023	Gap-and-Go Continuation (GGC)	gap_and_go	4H	8	"{""ma_period"":50,""gap_min_pct"":0.5,""lookback_period"":20,""roc_period"":10,""min_roc"":1.0,""entry_delay_bars"":1,""stop_pct"":2.0,""target_pct"":6.0,""long_only"":true}"	0.0	0.0	0.0	0	0.0	0.0	0.0	0.0	0.0	0.0	0.0	0	0	44017.98	0	park	Insufficient trades (0). Need 20+ for meaningful screen.		6571	2023-02-18 → 2026-02-17	0.1
2026-02-17T10:40:58.552861	R022	Momentum Exhaustion Reversal to Trend (MERT)	momentum_exhaustion_reversal	4H	6	"{""ma_period"":50,""rsi_period"":14,""rsi_threshold"":30,""bounce_min_pct"":1.0,""stop_pct"":2.0,""target_pct"":6.0,""long_only"":true}"	1.61	1.5	0.31	29	0.32	99.0	11311.62	639.0	537.28	469.15	48.4	15581.25	13605.49	44033.44	1975.76	promote	Gross PF 1.61 >= 1.3 threshold. Promote to full hypothesis.		6571	2023-02-18 → 2026-02-17	0.1
2026-02-17T10:42:30.464785	R021	Range Compression Expansion (RCE)	range_compression_expansion	4H	7	"{""atr_period"":20,""atr_lookback"":60,""compression_percentile"":10,""breakout_atr_mult"":1.5,""confirmation_bars"":2,""stop_pct"":2.0,""target_pct"":6.0,""long_only"":true}"	2.49	2.33	0.438	48	1.44	99.0	11139.29	223.0	1105.43	1037.65	97.8	53060.76	49807.03	44033.44	3253.73	promote	Gross PF 2.49 >= 1.3 threshold. Promote to full hypothesis.		6571	2023-02-18 → 2026-02-17	0.1
2026-02-22T14:34:03.816590	R027	Volatility Breakout with Momentum Confirmation (VBMC)	dual_momentum_consensus	4H	6	"{""channel_period"":20,""roc_fast"":5,""roc_med"":15,""roc_slow"":30,""stop_pct"":2.0,""target_pct"":6.0}"	1.37	1.28	0.349	126	1.2	99.0	22092.37	250.0	343.98	276.44	71.3	43341.36	34832.07	43378.31	8509.29	promote	Gross PF 1.37 >= 1.3 threshold. Regime coverage OK. Promote to full hypothesis.	True	6571	2023-02-23 → 2026-02-22	0.1
2026-02-22T14:34:06.296797	R028	Trend Acceleration Breakout (TAB)	acceleration_breakout	4H	5	"{""channel_period"":10,""roc_short"":5,""roc_long"":20,""stop_pct"":3.0,""target_pct"":6.0}"	1.08	1.03	0.352	105	0.13	1.93	24934.6	401.0	106.16	38.2	93.0	11146.32	4011.34	43378.31	7134.97	kill	Gross PF 1.08 — positive expectancy but below 1.3 threshold.		6571	2023-02-23 → 2026-02-22	0.1
2026-02-22T14:34:21.065369	R029	High ATR Regime Trend Following (HARTF)	atr_regime_adaptive	4H	6	"{""ma_period"":20,""atr_period"":14,""atr_history"":120,""base_stop_pct"":3.0,""base_target_pct"":12.0,""trend_filter_period"":80}"	1.31	1.26	0.306	72	0.84	7.41	36037.54	245.0	486.21	422.45	215.4	35007.39	30416.65	43378.31	4590.74	promote	Gross PF 1.31 >= 1.3 threshold. Regime coverage OK. Promote to full hypothesis.	True	6571	2023-02-23 → 2026-02-22	0.1
2026-02-22T14:36:24.250105	R030	Volatility Breakout with Momentum Confirmation (VBMC)	adaptive_momentum_burst	4H	9	"{""bb_period"":20,""bb_std"":2.0,""squeeze_lookback"":50,""squeeze_pct"":20,""min_squeeze_bars"":3,""ma_period"":50,""ma_slope_bars"":5,""stop_pct"":2.0,""target_pct"":8.0}"	1.3	1.23	0.265	34	0.42	99.0	13061.23	284.0	342.12	267.4	90.1	11632.12	9091.59	43378.31	2540.53	park	Gross PF 1.30 passes threshold but regime coverage failed: Insufficient trade coverage in: sideways. Strategy may only work in specific market conditions.	False	6571	2023-02-23 → 2026-02-22	0.1
2026-02-22T14:36:59.650460	R031	Acceleration Surge After Consolidation (ASAC)	acceleration_breakout	4H	5	"{""channel_period"":10,""roc_short"":5,""roc_long"":20,""stop_pct"":3.0,""target_pct"":6.0}"	1.08	1.03	0.352	105	0.13	1.93	24934.6	401.0	106.16	38.2	93.0	11146.32	4011.34	43378.31	7134.97	kill	Gross PF 1.08 — positive expectancy but below 1.3 threshold.		6571	2023-02-23 → 2026-02-22	0.1
2026-02-22T14:37:06.454994	R032	Multi-Bar Persistence Breakout (MBPB)	consecutive_momentum	4H	4	"{""channel_period"":20,""consec_bars"":3,""stop_pct"":2.0,""target_pct"":12.0}"	1.42	1.34	0.215	79	0.83	99.0	14457.22	252.0	467.81	398.27	112.9	36956.6	31463.51	43378.31	5493.09	park	Gross PF 1.42 passes threshold but regime coverage failed: Insufficient trade coverage in: sideways. Strategy may only work in specific market conditions.	False	6571	2023-02-23 → 2026-02-22	0.1
2026-02-22T14:39:43.263346	R033	Multi-Day Consolidation Breakout (MDCB)	range_compression_expansion	4H	7	"{""atr_period"":20,""atr_lookback"":60,""compression_percentile"":10,""breakout_atr_mult"":1.5,""confirmation_bars"":2,""stop_pct"":2.0,""target_pct"":6.0,""long_only"":true}"	2.49	2.33	0.438	48	1.44	99.0	11139.29	223.0	1105.43	1037.65	97.8	53060.76	49807.03	43378.31	3253.73	promote	Gross PF 2.49 >= 1.3 threshold. Regime coverage OK. Promote to full hypothesis.	True	6571	2023-02-23 → 2026-02-22	0.1
2026-02-22T14:42:02.612635	R034	Momentum Divergence Acceleration (MDA)	acceleration_breakout	4H	5	"{""channel_period"":10,""roc_short"":5,""roc_long"":20,""stop_pct"":3.0,""target_pct"":6.0}"	1.08	1.03	0.352	105	0.13	1.93	24934.6	401.0	106.16	38.2	93.0	11146.32	4011.34	43378.31	7134.97	kill	Gross PF 1.08 — positive expectancy but below 1.3 threshold.		6571	2023-02-23 → 2026-02-22	0.1
2026-02-22T14:42:11.957984	R035	Trending Strength Continuation (TSC)	trend_strength_breakout	4H	5	"{""channel_period"":20,""adx_period"":14,""adx_threshold"":25,""stop_pct"":2.0,""target_pct"":6.0}"	1.56	1.46	0.369	103	1.3	99.0	13832.39	246.0	512.66	443.16	76.5	52803.68	45645.66	43378.31	7158.02	promote	Gross PF 1.56 >= 1.3 threshold. Regime coverage OK. Promote to full hypothesis.	True	6571	2023-02-23 → 2026-02-22	0.1
2026-02-22T14:42:19.121654	R036	Momentum Surge After Consolidation (MSAC)	consecutive_momentum	4H	4	"{""channel_period"":20,""consec_bars"":3,""stop_pct"":2.0,""target_pct"":12.0}"	1.42	1.34	0.215	79	0.83	99.0	14457.22	252.0	467.81	398.27	112.9	36956.6	31463.51	43378.31	5493.09	park	Gross PF 1.42 passes threshold but regime coverage failed: Insufficient trade coverage in: sideways. Strategy may only work in specific market conditions.	False	6571	2023-02-23 → 2026-02-22	0.1
2026-02-22T14:42:21.523400	R037	Acceleration Breakout With Volume Confirmation (ABVC)	volume_breakout	4H	5	"{""channel_period"":15,""vol_period"":20,""vol_mult"":1.5,""stop_pct"":2.0,""target_pct"":6.0}"	1.32	1.24	0.333	129	1.0	99.0	20077.28	205.0	295.93	229.53	66.9	38175.04	29609.68	43378.31	8565.36	promote	Gross PF 1.32 >= 1.3 threshold. Regime coverage OK. Promote to full hypothesis.	True	6571	2023-02-23 → 2026-02-22	0.1
2026-02-22T14:42:39.599965	R038	Adaptive Volatility Regime Trend (AVRT)	atr_regime_adaptive	4H	6	"{""ma_period"":20,""atr_period"":14,""atr_history"":120,""base_stop_pct"":3.0,""base_target_pct"":12.0,""trend_filter_period"":80}"	1.31	1.26	0.306	72	0.84	7.41	36037.54	245.0	486.21	422.45	215.4	35007.39	30416.65	43378.31	4590.74	promote	Gross PF 1.31 >= 1.3 threshold. Regime coverage OK. Promote to full hypothesis.	True	6571	2023-02-23 → 2026-02-22	0.1
2026-02-22T14:42:51.934963	R039	Volatility Breakout with Momentum Confirmation	acceleration_breakout	4H	5	"{""channel_period"":10,""roc_short"":5,""roc_long"":20,""stop_pct"":3.0,""target_pct"":6.0}"	1.08	1.03	0.352	105	0.13	1.93	24934.6	401.0	106.16	38.2	93.0	11146.32	4011.34	43378.31	7134.97	kill	Gross PF 1.08 — positive expectancy but below 1.3 threshold.		6571	2023-02-23 → 2026-02-22	0.1
2026-02-22T14:42:58.291421	R040	Multi-Stage Trend Pullback	trend_pullback	4H	7	"{""ma_period"":30,""ma_slope_bars"":5,""pullback_pct"":2.0,""roc_period"":3,""min_roc"":0.5,""stop_pct"":3.0,""target_pct"":6.0}"	1.3	1.24	0.4	80	0.59	99.0	21050.86	284.0	401.67	328.72	105.0	32133.7	26297.76	43378.31	5835.93	park	Gross PF 1.30 passes threshold but regime coverage failed: Insufficient trade coverage in: sideways. Strategy may only work in specific market conditions.	False	6571	2023-02-23 → 2026-02-22	0.1
2026-02-22T14:43:15.997222	R041	ATR Percentile Expansion Breakout	atr_regime_adaptive	4H	6	"{""ma_period"":20,""atr_period"":14,""atr_history"":120,""base_stop_pct"":3.0,""base_target_pct"":12.0,""trend_filter_period"":80}"	1.31	1.26	0.306	72	0.84	7.41	36037.54	245.0	486.21	422.45	215.4	35007.39	30416.65	43378.31	4590.74	promote	Gross PF 1.31 >= 1.3 threshold. Regime coverage OK. Promote to full hypothesis.	True	6571	2023-02-23 → 2026-02-22	0.1
2026-02-22T14:46:43.567673	R042	Mean Reversion Short (MRS)	mean_reversion_short	4H	7	"{""slow_ma_period"":200,""bb_period"":20,""bb_std"":2.0,""rsi_period"":14,""rsi_threshold"":75,""stop_pct"":4.0,""target_pct"":9.0}"	1.7	1.64	0.4	15	0.41	99.0	11078.62	242.0	1090.72	1021.99	128.3	16360.8	15329.85	43378.31	1030.95	park	Insufficient trades (15). Need 20+ for meaningful screen.		6571	2023-02-23 → 2026-02-22	0.1
2026-02-22T14:47:32.905360	R043	Breakdown Momentum Short (BMS)	breakdown_momentum	4H	5	"{""channel_period"":30,""roc_short"":5,""roc_long"":15,""stop_pct"":2.0,""target_pct"":6.0}"	1.78	1.66	0.32	25	0.37	99.0	5433.56	226.0	640.93	575.19	57.6	16023.16	14379.76	43378.31	1643.4	park	Gross PF 1.78 passes threshold but regime coverage failed: Insufficient trade coverage in: bull, sideways. Strategy may only work in specific market conditions.	False	6571	2023-02-23 → 2026-02-22	0.1
2026-03-01T14:42:19.038758	R044	Volatility Regime Shift Breakout (VRSB)	range_compression_expansion	4H	7	"{""atr_period"":20,""atr_lookback"":60,""compression_percentile"":10,""breakout_atr_mult"":1.5,""confirmation_bars"":2,""stop_pct"":2.0,""target_pct"":6.0,""long_only"":true}"	2.44	2.29	0.426	47	1.35	99.0	11139.29	223.0	1091.62	1023.01	98.1	51306.03	48081.54	44023.99	3224.49	promote	Gross PF 2.44 >= 1.3 threshold. Regime coverage OK. Promote to full hypothesis.	True	6571	2023-03-02 → 2026-03-01	0.1
2026-03-01T14:45:16.569971	R045	Momentum Persistence Stacking (MPS)	dual_momentum_consensus	4H	6	"{""channel_period"":20,""roc_fast"":5,""roc_med"":15,""roc_slow"":30,""stop_pct"":2.0,""target_pct"":6.0}"	1.36	1.27	0.346	127	1.15	99.0	22092.37	250.0	330.51	262.97	70.9	41974.8	33397.19	44023.99	8577.61	promote	Gross PF 1.36 >= 1.3 threshold. Regime coverage OK. Promote to full hypothesis.	True	6571	2023-03-02 → 2026-03-01	0.1
2026-03-01T14:45:21.804329	R046	Post-Pullback Acceleration Surge (PPAS)	trend_pullback	4H	7	"{""ma_period"":30,""ma_slope_bars"":5,""pullback_pct"":2.0,""roc_period"":3,""min_roc"":0.5,""stop_pct"":3.0,""target_pct"":6.0}"	1.3	1.24	0.4	80	0.59	99.0	21050.86	284.0	401.67	328.72	105.0	32133.7	26297.76	44023.99	5835.93	promote	Gross PF 1.30 >= 1.3 threshold. Regime coverage OK. Promote to full hypothesis.	True	6571	2023-03-02 → 2026-03-01	0.1
2026-03-01T14:48:29.689890	R047	Volatility Regime Shift Breakout (VRSB)	range_compression_expansion	4H	7	"{""atr_period"":20,""atr_lookback"":60,""compression_percentile"":10,""breakout_atr_mult"":1.5,""confirmation_bars"":2,""stop_pct"":2.0,""target_pct"":6.0,""long_only"":true}"	2.44	2.29	0.426	47	1.35	99.0	11139.29	223.0	1091.62	1023.01	98.1	51306.03	48081.54	44023.99	3224.49	promote	Gross PF 2.44 >= 1.3 threshold. Regime coverage OK. Promote to full hypothesis.	True	6571	2023-03-02 → 2026-03-01	0.1
2026-03-01T14:51:27.405682	R048	Multi-Leg Momentum Cascade (MLMC)	consecutive_momentum	4H	4	"{""channel_period"":20,""consec_bars"":3,""stop_pct"":2.0,""target_pct"":12.0}"	1.39	1.32	0.212	80	0.79	99.0	15892.1	252.0	444.88	375.36	111.8	35590.05	30028.63	44023.99	5561.41	promote	Gross PF 1.39 >= 1.3 threshold. Regime coverage OK. Promote to full hypothesis.	True	6571	2023-03-02 → 2026-03-01	0.1
2026-03-01T14:51:32.232225	R049	Trend Acceleration After Pause (TAAP)	trend_pullback	4H	7	"{""ma_period"":30,""ma_slope_bars"":5,""pullback_pct"":2.0,""roc_period"":3,""min_roc"":0.5,""stop_pct"":3.0,""target_pct"":6.0}"	1.3	1.24	0.4	80	0.59	99.0	21050.86	284.0	401.67	328.72	105.0	32133.7	26297.76	44023.99	5835.93	promote	Gross PF 1.30 >= 1.3 threshold. Regime coverage OK. Promote to full hypothesis.	True	6571	2023-03-02 → 2026-03-01	0.1
2026-03-01T14:54:40.466663	R050	Asymmetric Volatility Breakout (AVB)	range_compression_expansion	4H	7	"{""atr_period"":20,""atr_lookback"":60,""compression_percentile"":10,""breakout_atr_mult"":1.5,""confirmation_bars"":2,""stop_pct"":2.0,""target_pct"":6.0,""long_only"":true}"	2.44	2.29	0.426	47	1.35	99.0	11139.29	223.0	1091.62	1023.01	98.1	51306.03	48081.54	44023.99	3224.49	promote	Gross PF 2.44 >= 1.3 threshold. Regime coverage OK. Promote to full hypothesis.	True	6571	2023-03-02 → 2026-03-01	0.1
2026-03-01T14:57:38.058628	R051	Momentum Persistence After Consolidation (MPAC)	consecutive_momentum	4H	4	"{""channel_period"":20,""consec_bars"":3,""stop_pct"":2.0,""target_pct"":12.0}"	1.39	1.32	0.212	80	0.79	99.0	15892.1	252.0	444.88	375.36	111.8	35590.05	30028.63	44023.99	5561.41	promote	Gross PF 1.39 >= 1.3 threshold. Regime coverage OK. Promote to full hypothesis.	True	6571	2023-03-02 → 2026-03-01	0.1
2026-03-01T14:57:48.574579	R052	High-Volatility Regime Momentum Surge (HVRMS)	atr_regime_adaptive	4H	6	"{""ma_period"":20,""atr_period"":14,""atr_history"":120,""base_stop_pct"":3.0,""base_target_pct"":12.0,""trend_filter_period"":80}"	1.3	1.25	0.296	71	0.78	7.02	36037.54	245.0	465.96	401.65	215.7	33083.07	28516.95	44023.99	4566.12	kill	Gross PF 1.30 — positive expectancy but below 1.3 threshold.		6571	2023-03-02 → 2026-03-01	0.1
2026-03-01T14:58:03.118276	R053	Momentum Persistence After Strong Trend Days	consecutive_momentum	4H	4	"{""channel_period"":20,""consec_bars"":3,""stop_pct"":2.0,""target_pct"":12.0}"	1.39	1.32	0.212	80	0.79	99.0	15892.1	252.0	444.88	375.36	111.8	35590.05	30028.63	44023.99	5561.41	promote	Gross PF 1.39 >= 1.3 threshold. Regime coverage OK. Promote to full hypothesis.	True	6571	2023-03-02 → 2026-03-01	0.1
2026-03-01T14:58:13.670182	R054	Volatility Expansion Continuation	atr_regime_adaptive	4H	6	"{""ma_period"":20,""atr_period"":14,""atr_history"":120,""base_stop_pct"":3.0,""base_target_pct"":12.0,""trend_filter_period"":80}"	1.3	1.25	0.296	71	0.78	7.02	36037.54	245.0	465.96	401.65	215.7	33083.07	28516.95	44023.99	4566.12	kill	Gross PF 1.30 — positive expectancy but below 1.3 threshold.		6571	2023-03-02 → 2026-03-01	0.1
2026-03-01T14:58:32.529875	R055	Multi-Timeframe Trend Alignment Breakout	mtf_breakout	4H	4	"{""channel_period"":20,""trend_ma_period"":90,""stop_pct"":2.0,""target_pct"":6.0}"	1.48	1.38	0.362	116	1.29	99.0	15668.6	246.0	436.25	367.8	74.6	50605.0	42664.94	44023.99	7940.06	promote	Gross PF 1.48 >= 1.3 threshold. Regime coverage OK. Promote to full hypothesis.	True	6571	2023-03-02 → 2026-03-01	0.1
2026-03-01T14:58:47.965203	R056	Volatility Spike Trend Continuation (VSTC)	atr_regime_adaptive	4H	6	"{""ma_period"":20,""atr_period"":14,""atr_history"":120,""base_stop_pct"":3.0,""base_target_pct"":12.0,""trend_filter_period"":80}"	1.3	1.25	0.296	71	0.78	7.02	36037.54	245.0	465.96	401.65	215.7	33083.07	28516.95	44023.99	4566.12	kill	Gross PF 1.30 — positive expectancy but below 1.3 threshold.		6571	2023-03-02 → 2026-03-01	0.1
2026-03-01T14:58:59.720959	R057	Multi-Timeframe Volume Surge Breakout (MTVSB)	volume_breakout	4H	5	"{""channel_period"":15,""vol_period"":20,""vol_mult"":1.5,""stop_pct"":2.0,""target_pct"":6.0}"	1.31	1.22	0.331	130	0.96	99.0	20077.28	205.0	283.14	216.73	66.6	36808.49	28174.8	44023.99	8633.68	promote	Gross PF 1.31 >= 1.3 threshold. Regime coverage OK. Promote to full hypothesis.	True	6571	2023-03-02 → 2026-03-01	0.1
2026-03-01T14:59:08.491354	R058	Trend Resumption After Shallow Pullback (TRASP)	trend_pullback	4H	7	"{""ma_period"":30,""ma_slope_bars"":5,""pullback_pct"":2.0,""roc_period"":3,""min_roc"":0.5,""stop_pct"":3.0,""target_pct"":6.0}"	1.3	1.24	0.4	80	0.59	99.0	21050.86	284.0	401.67	328.72	105.0	32133.7	26297.76	44023.99	5835.93	promote	Gross PF 1.30 >= 1.3 threshold. Regime coverage OK. Promote to full hypothesis.	True	6571	2023-03-02 → 2026-03-01	0.1
2026-03-01T14:59:17.287112	R059	Post-Breakout Momentum Continuation (PBMC)	trend_pullback	4H	7	"{""ma_period"":30,""ma_slope_bars"":5,""pullback_pct"":2.0,""roc_period"":3,""min_roc"":0.5,""stop_pct"":3.0,""target_pct"":6.0}"	1.3	1.24	0.4	80	0.59	99.0	21050.86	284.0	401.67	328.72	105.0	32133.7	26297.76	44023.99	5835.93	promote	Gross PF 1.30 >= 1.3 threshold. Regime coverage OK. Promote to full hypothesis.	True	6571	2023-03-02 → 2026-03-01	0.1
2026-03-01T14:59:31.888055	R060	Volatility Regime Transition Breakout (VRTB)	atr_regime_adaptive	4H	6	"{""ma_period"":20,""atr_period"":14,""atr_history"":120,""base_stop_pct"":3.0,""base_target_pct"":12.0,""trend_filter_period"":80}"	1.3	1.25	0.296	71	0.78	7.02	36037.54	245.0	465.96	401.65	215.7	33083.07	28516.95	44023.99	4566.12	kill	Gross PF 1.30 — positive expectancy but below 1.3 threshold.		6571	2023-03-02 → 2026-03-01	0.1
2026-03-01T14:59:45.158812	R061	Multi-Timeframe Momentum Alignment (MTMA)	dual_momentum_consensus	4H	6	"{""channel_period"":20,""roc_fast"":5,""roc_med"":15,""roc_slow"":30,""stop_pct"":2.0,""target_pct"":6.0}"	1.36	1.27	0.346	127	1.15	99.0	22092.37	250.0	330.51	262.97	70.9	41974.8	33397.19	44023.99	8577.61	promote	Gross PF 1.36 >= 1.3 threshold. Regime coverage OK. Promote to full hypothesis.	True	6571	2023-03-02 → 2026-03-01	0.1
2026-03-01T15:02:48.537315	R062	Volatility Regime Shift Breakout (VRSB)	range_compression_expansion	4H	7	"{""atr_period"":20,""atr_lookback"":60,""compression_percentile"":10,""breakout_atr_mult"":1.5,""confirmation_bars"":2,""stop_pct"":2.0,""target_pct"":6.0,""long_only"":true}"	2.44	2.29	0.426	47	1.35	99.0	11139.29	223.0	1091.62	1023.01	98.1	51306.03	48081.54	44023.99	3224.49	promote	Gross PF 2.44 >= 1.3 threshold. Regime coverage OK. Promote to full hypothesis.	True	6571	2023-03-02 → 2026-03-01	0.1
2026-03-01T15:05:44.711627	R063	Momentum Alignment Breakout (MAB)	dual_momentum_consensus	4H	6	"{""channel_period"":20,""roc_fast"":5,""roc_med"":15,""roc_slow"":30,""stop_pct"":2.0,""target_pct"":6.0}"	1.36	1.27	0.346	127	1.15	99.0	22092.37	250.0	330.51	262.97	70.9	41974.8	33397.19	44023.99	8577.61	promote	Gross PF 1.36 >= 1.3 threshold. Regime coverage OK. Promote to full hypothesis.	True	6571	2023-03-02 → 2026-03-01	0.1
2026-03-01T15:05:49.945373	R064	Trend Reversion After Exhaustion (TRAE)	trend_pullback	4H	7	"{""ma_period"":30,""ma_slope_bars"":5,""pullback_pct"":2.0,""roc_period"":3,""min_roc"":0.5,""stop_pct"":3.0,""target_pct"":6.0}"	1.3	1.24	0.4	80	0.59	99.0	21050.86	284.0	401.67	328.72	105.0	32133.7	26297.76	44023.99	5835.93	promote	Gross PF 1.30 >= 1.3 threshold. Regime coverage OK. Promote to full hypothesis.	True	6571	2023-03-02 → 2026-03-01	0.1
2026-03-01T15:05:56.085229	R065	Volume-Weighted Breakout Persistence (VWBP)	volume_breakout	4H	5	"{""channel_period"":15,""vol_period"":20,""vol_mult"":1.5,""stop_pct"":2.0,""target_pct"":6.0}"	1.31	1.22	0.331	130	0.96	99.0	20077.28	205.0	283.14	216.73	66.6	36808.49	28174.8	44023.99	8633.68	promote	Gross PF 1.31 >= 1.3 threshold. Regime coverage OK. Promote to full hypothesis.	True	6571	2023-03-02 → 2026-03-01	0.1
2026-03-01T15:06:01.694765	R066	Post-Consolidation Momentum Cascade (PCMC)	acceleration_breakout	4H	5	"{""channel_period"":10,""roc_short"":5,""roc_long"":20,""stop_pct"":3.0,""target_pct"":6.0}"	1.06	1.01	0.352	105	0.1	99.0	24934.6	406.0	77.83	9.46	92.7	8172.63	992.97	44023.99	7179.66	kill	Gross PF 1.06 — positive expectancy but below 1.3 threshold.		6571	2023-03-02 → 2026-03-01	0.1
2026-03-01T15:06:13.441418	R067	Multi-Timeframe Volatility Alignment (MTVA)	atr_regime_adaptive	4H	6	"{""ma_period"":20,""atr_period"":14,""atr_history"":120,""base_stop_pct"":3.0,""base_target_pct"":12.0,""trend_filter_period"":80}"	1.3	1.25	0.296	71	0.78	7.02	36037.54	245.0	465.96	401.65	215.7	33083.07	28516.95	44023.99	4566.12	kill	Gross PF 1.30 — positive expectancy but below 1.3 threshold.		6571	2023-03-02 → 2026-03-01	0.1
2026-04-06T15:15:26.613730	R089	Extended Donchian Breakout with Trend Gate	donchian_breakout	4H	3	"{""channel_period"":20,""stop_pct"":2.0,""target_pct"":6.0,""long_only"":true}"	1.36	1.27	0.343	134	1.07	99.0	25156.05	250.0	344.32	273.88	67.9	46138.27	36699.75	41156.63	9438.53	kill	Gross PF 1.36 — positive expectancy but below 1.5 threshold.		6571	2023-04-07 → 2026-04-06	0.1
2026-04-06T15:15:30.256580	R096	Donchian Breakdown Momentum Short (DBMS)	donchian_breakout	4H	3	"{""channel_period"":20,""stop_pct"":2.0,""target_pct"":6.0,""long_only"":true}"	1.36	1.27	0.343	134	1.07	99.0	25156.05	250.0	344.32	273.88	67.9	46138.27	36699.75	41156.63	9438.53	kill	Gross PF 1.36 — positive expectancy but below 1.5 threshold.		6571	2023-04-07 → 2026-04-06	0.1
2026-04-06T15:15:41.917671	R097	Slow Death Cross Trend Reversal (SDCTR)	ma_crossover	4H	4	"{""fast_period"":20,""slow_period"":80,""stop_pct"":4.0,""target_pct"":9.0,""long_only"":true}"	1.42	1.37	0.402	82	0.94	99.0	24367.25	244.0	671.79	606.33	171.1	55086.65	49719.47	41156.63	5367.18	kill	Gross PF 1.42 — positive expectancy but below 1.5 threshold.		6571	2023-04-07 → 2026-04-06	0.1
2026-04-06T15:15:52.129654	R110	MA Crossover Long-Bias Trend Rider	ma_crossover	4H	4	"{""fast_period"":20,""slow_period"":80,""stop_pct"":4.0,""target_pct"":9.0,""long_only"":true}"	1.42	1.37	0.402	82	0.94	99.0	24367.25	244.0	671.79	606.33	171.1	55086.65	49719.47	41156.63	5367.18	kill	Gross PF 1.42 — positive expectancy but below 1.5 threshold.		6571	2023-04-07 → 2026-04-06	0.1
2026-04-06T15:15:54.596792	R111	Breakdown Momentum Short (Bear Regime)	consecutive_momentum	4H	4	"{""channel_period"":20,""consec_bars"":3,""stop_pct"":2.0,""target_pct"":12.0}"	1.33	1.25	0.21	81	0.65	99.0	18903.78	252.0	374.46	303.79	106.8	30330.94	24606.66	41156.63	5724.29	kill	Gross PF 1.33 — positive expectancy but below 1.5 threshold.		6571	2023-04-07 → 2026-04-06	0.1
